KNN,DT,NB,SVM,MLP,MV,SV,BC
0.5943396226415094,0.6556603773584906,0.42452830188679247,0.7688679245283019,0.6745283018867925,0.7075471698113207,0.7169811320754716,0.5707547169811321
